facet_raw,facet_normalized,category,conversation_observable,sensitivity,abstention_reason,scoring_anchors
Risktaking,Risktaking,personality_trait,True,low,,"1=Very low Risktaking, or the opposite trait is expressed; 3=Moderate/average Risktaking; 5=Very high Risktaking clearly expressed in the conversation."
Naivety,Naivety,personality_trait,True,low,,"1=Very low Naivety, or the opposite trait is expressed; 3=Moderate/average Naivety; 5=Very high Naivety clearly expressed in the conversation."
Acidity,Acidity,personality_trait,True,low,,"1=Very low Acidity, or the opposite trait is expressed; 3=Moderate/average Acidity; 5=Very high Acidity clearly expressed in the conversation."
Democratic Leadership:,Democratic Leadership,header_or_malformed,False,low,"This row is a CSV formatting artifact (category header, categorical label, or malformed entry), not a scorable 1-5 trait.",
Common-sense,Common-sense,personality_trait,True,low,,"1=Very low Common-sense, or the opposite trait is expressed; 3=Moderate/average Common-sense; 5=Very high Common-sense clearly expressed in the conversation."
Hesitation,Hesitation,personality_trait,True,low,,"1=Very low Hesitation, or the opposite trait is expressed; 3=Moderate/average Hesitation; 5=Very high Hesitation clearly expressed in the conversation."
Discontentment,Discontentment,personality_trait,True,low,,"1=Very low Discontentment, or the opposite trait is expressed; 3=Moderate/average Discontentment; 5=Very high Discontentment clearly expressed in the conversation."
Overprotectiveness,Overprotectiveness,personality_trait,True,low,,"1=Very low Overprotectiveness, or the opposite trait is expressed; 3=Moderate/average Overprotectiveness; 5=Very high Overprotectiveness clearly expressed in the conversation."
Merriness,Merriness,personality_trait,True,low,,"1=Very low Merriness, or the opposite trait is expressed; 3=Moderate/average Merriness; 5=Very high Merriness clearly expressed in the conversation."
Emotionalism,Emotionalism,personality_trait,True,low,,"1=Very low Emotionalism, or the opposite trait is expressed; 3=Moderate/average Emotionalism; 5=Very high Emotionalism clearly expressed in the conversation."
Self-improvement,Self-improvement,personality_trait,True,low,,"1=Very low Self-improvement, or the opposite trait is expressed; 3=Moderate/average Self-improvement; 5=Very high Self-improvement clearly expressed in the conversation."
Statistical Reasoning,Statistical Reasoning,cognitive_ability,True,low,,"1=No evidence of Statistical Reasoning in the conversation; 3=Average/typical evidence of Statistical Reasoning; 5=Strong, clear evidence of high Statistical Reasoning demonstrated in the person's reasoning or language."
Assertiveness and control in relationships,Assertiveness and control in relationships,personality_trait,True,low,,"1=Very low Assertiveness and control in relationships, or the opposite trait is expressed; 3=Moderate/average Assertiveness and control in relationships; 5=Very high Assertiveness and control in relationships clearly expressed in the conversation."
Cunningness,Cunningness,personality_trait,True,low,,"1=Very low Cunningness, or the opposite trait is expressed; 3=Moderate/average Cunningness; 5=Very high Cunningness clearly expressed in the conversation."
Adventure-Seeking Behavior,Adventure-Seeking Behavior,behavioral_tendency,True,low,,"1=No indication of Adventure-Seeking Behavior in what the person says or describes; 3=Occasional or moderate indication of Adventure-Seeking Behavior; 5=Strong, repeated indication of Adventure-Seeking Behavior in the described behavior."
Compassion Fatigue,Compassion Fatigue,personality_trait,True,low,,"1=Very low Compassion Fatigue, or the opposite trait is expressed; 3=Moderate/average Compassion Fatigue; 5=Very high Compassion Fatigue clearly expressed in the conversation."
Moroseness,Moroseness,personality_trait,True,low,,"1=Very low Moroseness, or the opposite trait is expressed; 3=Moderate/average Moroseness; 5=Very high Moroseness clearly expressed in the conversation."
Specialist,Specialist,personality_trait,True,low,,"1=Very low Specialist, or the opposite trait is expressed; 3=Moderate/average Specialist; 5=Very high Specialist clearly expressed in the conversation."
Aloofness,Aloofness,personality_trait,True,low,,"1=Very low Aloofness, or the opposite trait is expressed; 3=Moderate/average Aloofness; 5=Very high Aloofness clearly expressed in the conversation."
Genuine,Genuine,personality_trait,True,low,,"1=Very low Genuine, or the opposite trait is expressed; 3=Moderate/average Genuine; 5=Very high Genuine clearly expressed in the conversation."
Determinedness,Determinedness,personality_trait,True,low,,"1=Very low Determinedness, or the opposite trait is expressed; 3=Moderate/average Determinedness; 5=Very high Determinedness clearly expressed in the conversation."
HonestyHumility:,HonestyHumility,header_or_malformed,False,low,"This row is a CSV formatting artifact (category header, categorical label, or malformed entry), not a scorable 1-5 trait.",
Relationship Building Themes:,Relationship Building Themes,header_or_malformed,False,low,"This row is a CSV formatting artifact (category header, categorical label, or malformed entry), not a scorable 1-5 trait.",
Pure Challenge,Pure Challenge,personality_trait,True,low,,"1=Very low Pure Challenge, or the opposite trait is expressed; 3=Moderate/average Pure Challenge; 5=Very high Pure Challenge clearly expressed in the conversation."
Numerical Reasoning Subcomponents:,Numerical Reasoning Subcomponents,header_or_malformed,False,low,"This row is a CSV formatting artifact (category header, categorical label, or malformed entry), not a scorable 1-5 trait.",
Openness,Openness,personality_trait,True,low,,"1=Very low Openness, or the opposite trait is expressed; 3=Moderate/average Openness; 5=Very high Openness clearly expressed in the conversation."
SelfEsteem,SelfEsteem,personality_trait,True,low,,"1=Very low SelfEsteem, or the opposite trait is expressed; 3=Moderate/average SelfEsteem; 5=Very high SelfEsteem clearly expressed in the conversation."
Comparing alphanumeric data,Comparing alphanumeric data,personality_trait,True,low,,"1=Very low Comparing alphanumeric data, or the opposite trait is expressed; 3=Moderate/average Comparing alphanumeric data; 5=Very high Comparing alphanumeric data clearly expressed in the conversation."
Big-heartedness,Big-heartedness,personality_trait,True,low,,"1=Very low Big-heartedness, or the opposite trait is expressed; 3=Moderate/average Big-heartedness; 5=Very high Big-heartedness clearly expressed in the conversation."
Compulsive activities,Compulsive activities,behavioral_tendency,True,low,,"1=No indication of Compulsive activities in what the person says or describes; 3=Occasional or moderate indication of Compulsive activities; 5=Strong, repeated indication of Compulsive activities in the described behavior."
Disrespect,Disrespect,personality_trait,True,low,,"1=Very low Disrespect, or the opposite trait is expressed; 3=Moderate/average Disrespect; 5=Very high Disrespect clearly expressed in the conversation."
FSH level,FSH level,medical_biological,False,high,"Requires a clinical measurement, lab test, or diagnosis record; cannot be responsibly inferred from conversational text alone.",
Self Perspective,Self Perspective,personality_trait,True,low,,"1=Very low Self Perspective, or the opposite trait is expressed; 3=Moderate/average Self Perspective; 5=Very high Self Perspective clearly expressed in the conversation."
Desperation,Desperation,personality_trait,True,low,,"1=Very low Desperation, or the opposite trait is expressed; 3=Moderate/average Desperation; 5=Very high Desperation clearly expressed in the conversation."
Affiliation Motivation:,Affiliation Motivation,header_or_malformed,False,low,"This row is a CSV formatting artifact (category header, categorical label, or malformed entry), not a scorable 1-5 trait.",
Anatomy knowledge,Anatomy knowledge,personality_trait,True,low,,"1=Very low Anatomy knowledge, or the opposite trait is expressed; 3=Moderate/average Anatomy knowledge; 5=Very high Anatomy knowledge clearly expressed in the conversation."
Passive-Aggressive,Passive-Aggressive,personality_trait,True,low,,"1=Very low Passive-Aggressive, or the opposite trait is expressed; 3=Moderate/average Passive-Aggressive; 5=Very high Passive-Aggressive clearly expressed in the conversation."
Presence of Spiritual Pain,Presence of Spiritual Pain,spiritual_esoteric,False,medium,"Requires self-reported practice history/records (e.g. session counts, ritual frequency) that a short conversation cannot reliably establish.",
Role of Spirituality in Community Involvement,Role of Spirituality in Community Involvement,spiritual_esoteric,False,medium,"Requires self-reported practice history/records (e.g. session counts, ritual frequency) that a short conversation cannot reliably establish.",
Structure,Structure,personality_trait,True,low,,"1=Very low Structure, or the opposite trait is expressed; 3=Moderate/average Structure; 5=Very high Structure clearly expressed in the conversation."
Eco-tourism trips,Eco-tourism trips,personality_trait,True,low,,"1=Very low Eco-tourism trips, or the opposite trait is expressed; 3=Moderate/average Eco-tourism trips; 5=Very high Eco-tourism trips clearly expressed in the conversation."
Chivalrousness,Chivalrousness,personality_trait,True,low,,"1=Very low Chivalrousness, or the opposite trait is expressed; 3=Moderate/average Chivalrousness; 5=Very high Chivalrousness clearly expressed in the conversation."
Pilgrimage participation count,Pilgrimage participation count,spiritual_esoteric,False,medium,"Requires self-reported practice history/records (e.g. session counts, ritual frequency) that a short conversation cannot reliably establish.",
Mindfulness facet: Observing,Mindfulness facet: Observing,personality_trait,True,low,,"1=Very low Mindfulness facet: Observing, or the opposite trait is expressed; 3=Moderate/average Mindfulness facet: Observing; 5=Very high Mindfulness facet: Observing clearly expressed in the conversation."
Submissiveness,Submissiveness,medical_biological,False,high,"Requires a clinical measurement, lab test, or diagnosis record; cannot be responsibly inferred from conversational text alone.",
Training-cycle length,Training-cycle length,personality_trait,True,low,,"1=Very low Training-cycle length, or the opposite trait is expressed; 3=Moderate/average Training-cycle length; 5=Very high Training-cycle length clearly expressed in the conversation."
Sensitiveness,Sensitiveness,personality_trait,True,low,,"1=Very low Sensitiveness, or the opposite trait is expressed; 3=Moderate/average Sensitiveness; 5=Very high Sensitiveness clearly expressed in the conversation."
Negative Affect Frequency,Negative Affect Frequency,personality_trait,True,low,,"1=Very low Negative Affect Frequency, or the opposite trait is expressed; 3=Moderate/average Negative Affect Frequency; 5=Very high Negative Affect Frequency clearly expressed in the conversation."
Innovation and Creativity Components:,Innovation and Creativity Components,header_or_malformed,False,low,"This row is a CSV formatting artifact (category header, categorical label, or malformed entry), not a scorable 1-5 trait.",
Achievement Motivation:,Achievement Motivation,header_or_malformed,False,low,"This row is a CSV formatting artifact (category header, categorical label, or malformed entry), not a scorable 1-5 trait.",
Feedback-giving frequency,Feedback-giving frequency,personality_trait,True,low,,"1=Very low Feedback-giving frequency, or the opposite trait is expressed; 3=Moderate/average Feedback-giving frequency; 5=Very high Feedback-giving frequency clearly expressed in the conversation."
Dance-cardio sessions,Dance-cardio sessions,personality_trait,True,low,,"1=Very low Dance-cardio sessions, or the opposite trait is expressed; 3=Moderate/average Dance-cardio sessions; 5=Very high Dance-cardio sessions clearly expressed in the conversation."
Enthusiasm,Enthusiasm,personality_trait,True,low,,"1=Very low Enthusiasm, or the opposite trait is expressed; 3=Moderate/average Enthusiasm; 5=Very high Enthusiasm clearly expressed in the conversation."
Psychological construct: Social Desirability tendency,Psychological construct: Social Desirability tendency,behavioral_tendency,True,low,,"1=No indication of Psychological construct: Social Desirability tendency in what the person says or describes; 3=Occasional or moderate indication of Psychological construct: Social Desirability tendency; 5=Strong, repeated indication of Psychological construct: Social Desirability tendency in the described behavior."
Inattentiveness,Inattentiveness,personality_trait,True,low,,"1=Very low Inattentiveness, or the opposite trait is expressed; 3=Moderate/average Inattentiveness; 5=Very high Inattentiveness clearly expressed in the conversation."
Unassertiveness,Unassertiveness,personality_trait,True,low,,"1=Very low Unassertiveness, or the opposite trait is expressed; 3=Moderate/average Unassertiveness; 5=Very high Unassertiveness clearly expressed in the conversation."
Decision-making decisiveness,Decision-making decisiveness,personality_trait,True,low,,"1=Very low Decision-making decisiveness, or the opposite trait is expressed; 3=Moderate/average Decision-making decisiveness; 5=Very high Decision-making decisiveness clearly expressed in the conversation."
Sense-of-coherence score,Sense-of-coherence score,personality_trait,True,low,,"1=Very low Sense-of-coherence score, or the opposite trait is expressed; 3=Moderate/average Sense-of-coherence score; 5=Very high Sense-of-coherence score clearly expressed in the conversation."
Justice-mindedness,Justice-mindedness,personality_trait,True,low,,"1=Very low Justice-mindedness, or the opposite trait is expressed; 3=Moderate/average Justice-mindedness; 5=Very high Justice-mindedness clearly expressed in the conversation."
Subscription count,Subscription count,social_demographic,False,low,"Requires a factual/demographic record (counts, logs, official data) rather than something inferable from conversational tone or content.",
Depression Symptoms,Depression Symptoms,personality_trait,True,low,,"1=Very low Depression Symptoms, or the opposite trait is expressed; 3=Moderate/average Depression Symptoms; 5=Very high Depression Symptoms clearly expressed in the conversation."
Spatial perception,Spatial perception,personality_trait,True,low,,"1=Very low Spatial perception, or the opposite trait is expressed; 3=Moderate/average Spatial perception; 5=Very high Spatial perception clearly expressed in the conversation."
Brevity,Brevity,personality_trait,True,low,,"1=Very low Brevity, or the opposite trait is expressed; 3=Moderate/average Brevity; 5=Very high Brevity clearly expressed in the conversation."
Orderliness,Orderliness,personality_trait,True,low,,"1=Very low Orderliness, or the opposite trait is expressed; 3=Moderate/average Orderliness; 5=Very high Orderliness clearly expressed in the conversation."
Multiculturalism,Multiculturalism,personality_trait,True,low,,"1=Very low Multiculturalism, or the opposite trait is expressed; 3=Moderate/average Multiculturalism; 5=Very high Multiculturalism clearly expressed in the conversation."
Creative risk-taking tendency,Creative risk-taking tendency,behavioral_tendency,True,low,,"1=No indication of Creative risk-taking tendency in what the person says or describes; 3=Occasional or moderate indication of Creative risk-taking tendency; 5=Strong, repeated indication of Creative risk-taking tendency in the described behavior."
Inefficiency,Inefficiency,personality_trait,True,low,,"1=Very low Inefficiency, or the opposite trait is expressed; 3=Moderate/average Inefficiency; 5=Very high Inefficiency clearly expressed in the conversation."
Network basics,Network basics,personality_trait,True,low,,"1=Very low Network basics, or the opposite trait is expressed; 3=Moderate/average Network basics; 5=Very high Network basics clearly expressed in the conversation."
Alphabetical filing skills,Alphabetical filing skills,personality_trait,True,low,,"1=Very low Alphabetical filing skills, or the opposite trait is expressed; 3=Moderate/average Alphabetical filing skills; 5=Very high Alphabetical filing skills clearly expressed in the conversation."
Work Styles,Work Styles,personality_trait,True,low,,"1=Very low Work Styles, or the opposite trait is expressed; 3=Moderate/average Work Styles; 5=Very high Work Styles clearly expressed in the conversation."
Character strength: Perseverance,Character strength: Perseverance,personality_trait,True,low,,"1=Very low Character strength: Perseverance, or the opposite trait is expressed; 3=Moderate/average Character strength: Perseverance; 5=Very high Character strength: Perseverance clearly expressed in the conversation."
Competition,Competition,personality_trait,True,low,,"1=Very low Competition, or the opposite trait is expressed; 3=Moderate/average Competition; 5=Very high Competition clearly expressed in the conversation."
Logical Sequence Identification,Logical Sequence Identification,personality_trait,True,low,,"1=Very low Logical Sequence Identification, or the opposite trait is expressed; 3=Moderate/average Logical Sequence Identification; 5=Very high Logical Sequence Identification clearly expressed in the conversation."
Sustainable-transport usage,Sustainable-transport usage,personality_trait,True,low,,"1=Very low Sustainable-transport usage, or the opposite trait is expressed; 3=Moderate/average Sustainable-transport usage; 5=Very high Sustainable-transport usage clearly expressed in the conversation."
Hardworking,Hardworking,personality_trait,True,low,,"1=Very low Hardworking, or the opposite trait is expressed; 3=Moderate/average Hardworking; 5=Very high Hardworking clearly expressed in the conversation."
Emotional-intelligence measure: Impulsiveness,Emotional-intelligence measure: Impulsiveness,personality_trait,True,low,,"1=Very low Emotional-intelligence measure: Impulsiveness, or the opposite trait is expressed; 3=Moderate/average Emotional-intelligence measure: Impulsiveness; 5=Very high Emotional-intelligence measure: Impulsiveness clearly expressed in the conversation."
Dishonesty,Dishonesty,personality_trait,True,low,,"1=Very low Dishonesty, or the opposite trait is expressed; 3=Moderate/average Dishonesty; 5=Very high Dishonesty clearly expressed in the conversation."
Preferred epistemology,Preferred epistemology,personality_trait,True,low,,"1=Very low Preferred epistemology, or the opposite trait is expressed; 3=Moderate/average Preferred epistemology; 5=Very high Preferred epistemology clearly expressed in the conversation."
Memory for Sounds,Memory for Sounds,cognitive_ability,True,low,,"1=No evidence of Memory for Sounds in the conversation; 3=Average/typical evidence of Memory for Sounds; 5=Strong, clear evidence of high Memory for Sounds demonstrated in the person's reasoning or language."
Sportsmanship rating,Sportsmanship rating,personality_trait,True,low,,"1=Very low Sportsmanship rating, or the opposite trait is expressed; 3=Moderate/average Sportsmanship rating; 5=Very high Sportsmanship rating clearly expressed in the conversation."
Immaturity,Immaturity,personality_trait,True,low,,"1=Very low Immaturity, or the opposite trait is expressed; 3=Moderate/average Immaturity; 5=Very high Immaturity clearly expressed in the conversation."
Health-literacy level,Health-literacy level,personality_trait,True,low,,"1=Very low Health-literacy level, or the opposite trait is expressed; 3=Moderate/average Health-literacy level; 5=Very high Health-literacy level clearly expressed in the conversation."
Estimating Calculations,Estimating Calculations,personality_trait,True,low,,"1=Very low Estimating Calculations, or the opposite trait is expressed; 3=Moderate/average Estimating Calculations; 5=Very high Estimating Calculations clearly expressed in the conversation."
Depression: Feelings of sadness and hopelessness,Depression: Feelings of sadness and hopelessness,personality_trait,True,low,,"1=Very low Depression: Feelings of sadness and hopelessness, or the opposite trait is expressed; 3=Moderate/average Depression: Feelings of sadness and hopelessness; 5=Very high Depression: Feelings of sadness and hopelessness clearly expressed in the conversation."
Synthesis of information,Synthesis of information,personality_trait,True,low,,"1=Very low Synthesis of information, or the opposite trait is expressed; 3=Moderate/average Synthesis of information; 5=Very high Synthesis of information clearly expressed in the conversation."
Leadership Potential:,Leadership Potential,header_or_malformed,False,low,"This row is a CSV formatting artifact (category header, categorical label, or malformed entry), not a scorable 1-5 trait.",
Ethical standards,Ethical standards,personality_trait,True,low,,"1=Very low Ethical standards, or the opposite trait is expressed; 3=Moderate/average Ethical standards; 5=Very high Ethical standards clearly expressed in the conversation."
High-spiritedness,High-spiritedness,personality_trait,True,low,,"1=Very low High-spiritedness, or the opposite trait is expressed; 3=Moderate/average High-spiritedness; 5=Very high High-spiritedness clearly expressed in the conversation."
Critical reasoning,Critical reasoning,cognitive_ability,True,low,,"1=No evidence of Critical reasoning in the conversation; 3=Average/typical evidence of Critical reasoning; 5=Strong, clear evidence of high Critical reasoning demonstrated in the person's reasoning or language."
Sleep-disorder diagnosis,Sleep-disorder diagnosis,medical_biological,False,high,"Requires a clinical measurement, lab test, or diagnosis record; cannot be responsibly inferred from conversational text alone.",
Listening Skills Subcomponents:,Listening Skills Subcomponents,header_or_malformed,False,low,"This row is a CSV formatting artifact (category header, categorical label, or malformed entry), not a scorable 1-5 trait.",
Collaboration,Collaboration,personality_trait,True,low,,"1=Very low Collaboration, or the opposite trait is expressed; 3=Moderate/average Collaboration; 5=Very high Collaboration clearly expressed in the conversation."
Precision of Movements,Precision of Movements,personality_trait,True,low,,"1=Very low Precision of Movements, or the opposite trait is expressed; 3=Moderate/average Precision of Movements; 5=Very high Precision of Movements clearly expressed in the conversation."
Social Boldness,Social Boldness,personality_trait,True,low,,"1=Very low Social Boldness, or the opposite trait is expressed; 3=Moderate/average Social Boldness; 5=Very high Social Boldness clearly expressed in the conversation."
Auditory memory,Auditory memory,cognitive_ability,True,low,,"1=No evidence of Auditory memory in the conversation; 3=Average/typical evidence of Auditory memory; 5=Strong, clear evidence of high Auditory memory demonstrated in the person's reasoning or language."
Psychomotor Ability Subcomponents:,Psychomotor Ability Subcomponents,header_or_malformed,False,low,"This row is a CSV formatting artifact (category header, categorical label, or malformed entry), not a scorable 1-5 trait.",
Organized lifestyle,Organized lifestyle,personality_trait,True,low,,"1=Very low Organized lifestyle, or the opposite trait is expressed; 3=Moderate/average Organized lifestyle; 5=Very high Organized lifestyle clearly expressed in the conversation."
Skill-endorsements count,Skill-endorsements count,social_demographic,False,low,"Requires a factual/demographic record (counts, logs, official data) rather than something inferable from conversational tone or content.",
Mysteriousness,Mysteriousness,personality_trait,True,low,,"1=Very low Mysteriousness, or the opposite trait is expressed; 3=Moderate/average Mysteriousness; 5=Very high Mysteriousness clearly expressed in the conversation."
Cultural Identity,Cultural Identity,personality_trait,True,low,,"1=Very low Cultural Identity, or the opposite trait is expressed; 3=Moderate/average Cultural Identity; 5=Very high Cultural Identity clearly expressed in the conversation."
Intrinsic Motivation,Intrinsic Motivation,personality_trait,True,low,,"1=Very low Intrinsic Motivation, or the opposite trait is expressed; 3=Moderate/average Intrinsic Motivation; 5=Very high Intrinsic Motivation clearly expressed in the conversation."
Impartial-mindedness,Impartial-mindedness,personality_trait,True,low,,"1=Very low Impartial-mindedness, or the opposite trait is expressed; 3=Moderate/average Impartial-mindedness; 5=Very high Impartial-mindedness clearly expressed in the conversation."
Burnout Symptoms,Burnout Symptoms,personality_trait,True,low,,"1=Very low Burnout Symptoms, or the opposite trait is expressed; 3=Moderate/average Burnout Symptoms; 5=Very high Burnout Symptoms clearly expressed in the conversation."
Holiness,Holiness,personality_trait,True,low,,"1=Very low Holiness, or the opposite trait is expressed; 3=Moderate/average Holiness; 5=Very high Holiness clearly expressed in the conversation."
Selfcontrol,Selfcontrol,personality_trait,True,low,,"1=Very low Selfcontrol, or the opposite trait is expressed; 3=Moderate/average Selfcontrol; 5=Very high Selfcontrol clearly expressed in the conversation."
SelfDirectedness,SelfDirectedness,personality_trait,True,low,,"1=Very low SelfDirectedness, or the opposite trait is expressed; 3=Moderate/average SelfDirectedness; 5=Very high SelfDirectedness clearly expressed in the conversation."
Encouraging participation,Encouraging participation,personality_trait,True,low,,"1=Very low Encouraging participation, or the opposite trait is expressed; 3=Moderate/average Encouraging participation; 5=Very high Encouraging participation clearly expressed in the conversation."
Impracticalness,Impracticalness,personality_trait,True,low,,"1=Very low Impracticalness, or the opposite trait is expressed; 3=Moderate/average Impracticalness; 5=Very high Impracticalness clearly expressed in the conversation."
Meeting Deadlines,Meeting Deadlines,personality_trait,True,low,,"1=Very low Meeting Deadlines, or the opposite trait is expressed; 3=Moderate/average Meeting Deadlines; 5=Very high Meeting Deadlines clearly expressed in the conversation."
Data Analysis,Data Analysis,personality_trait,True,low,,"1=Very low Data Analysis, or the opposite trait is expressed; 3=Moderate/average Data Analysis; 5=Very high Data Analysis clearly expressed in the conversation."
Social Interaction Skills,Social Interaction Skills,personality_trait,True,low,,"1=Very low Social Interaction Skills, or the opposite trait is expressed; 3=Moderate/average Social Interaction Skills; 5=Very high Social Interaction Skills clearly expressed in the conversation."
Psychoticism,Psychoticism,personality_trait,True,low,,"1=Very low Psychoticism, or the opposite trait is expressed; 3=Moderate/average Psychoticism; 5=Very high Psychoticism clearly expressed in the conversation."
Ethical leadership rating,Ethical leadership rating,personality_trait,True,low,,"1=Very low Ethical leadership rating, or the opposite trait is expressed; 3=Moderate/average Ethical leadership rating; 5=Very high Ethical leadership rating clearly expressed in the conversation."
Slothfulness,Slothfulness,personality_trait,True,low,,"1=Very low Slothfulness, or the opposite trait is expressed; 3=Moderate/average Slothfulness; 5=Very high Slothfulness clearly expressed in the conversation."
Happiness,Happiness,personality_trait,True,low,,"1=Very low Happiness, or the opposite trait is expressed; 3=Moderate/average Happiness; 5=Very high Happiness clearly expressed in the conversation."
Contentment Levels,Contentment Levels,personality_trait,True,low,,"1=Very low Contentment Levels, or the opposite trait is expressed; 3=Moderate/average Contentment Levels; 5=Very high Contentment Levels clearly expressed in the conversation."
Neuroticism,Neuroticism,personality_trait,True,low,,"1=Very low Neuroticism, or the opposite trait is expressed; 3=Moderate/average Neuroticism; 5=Very high Neuroticism clearly expressed in the conversation."
Desire for excellence,Desire for excellence,personality_trait,True,low,,"1=Very low Desire for excellence, or the opposite trait is expressed; 3=Moderate/average Desire for excellence; 5=Very high Desire for excellence clearly expressed in the conversation."
Perceiving,Perceiving,personality_trait,True,low,,"1=Very low Perceiving, or the opposite trait is expressed; 3=Moderate/average Perceiving; 5=Very high Perceiving clearly expressed in the conversation."
Liberalism,Liberalism,personality_trait,True,low,,"1=Very low Liberalism, or the opposite trait is expressed; 3=Moderate/average Liberalism; 5=Very high Liberalism clearly expressed in the conversation."
Inversion comfort level,Inversion comfort level,personality_trait,True,low,,"1=Very low Inversion comfort level, or the opposite trait is expressed; 3=Moderate/average Inversion comfort level; 5=Very high Inversion comfort level clearly expressed in the conversation."
Affection,Affection,personality_trait,True,low,,"1=Very low Affection, or the opposite trait is expressed; 3=Moderate/average Affection; 5=Very high Affection clearly expressed in the conversation."
Numeric Filing Skills,Numeric Filing Skills,personality_trait,True,low,,"1=Very low Numeric Filing Skills, or the opposite trait is expressed; 3=Moderate/average Numeric Filing Skills; 5=Very high Numeric Filing Skills clearly expressed in the conversation."
Martyrdom,Martyrdom,personality_trait,True,low,,"1=Very low Martyrdom, or the opposite trait is expressed; 3=Moderate/average Martyrdom; 5=Very high Martyrdom clearly expressed in the conversation."
Parathyroid-hormone level,Parathyroid-hormone level,medical_biological,False,high,"Requires a clinical measurement, lab test, or diagnosis record; cannot be responsibly inferred from conversational text alone.",
Seeking approval,Seeking approval,personality_trait,True,low,,"1=Very low Seeking approval, or the opposite trait is expressed; 3=Moderate/average Seeking approval; 5=Very high Seeking approval clearly expressed in the conversation."
Judging (J):,Judging (J),header_or_malformed,False,low,"This row is a CSV formatting artifact (category header, categorical label, or malformed entry), not a scorable 1-5 trait.",
Big Five facet Openness – Artistic Interests,Big Five facet Openness – Artistic Interests,personality_trait,True,low,,"1=Very low Big Five facet Openness – Artistic Interests, or the opposite trait is expressed; 3=Moderate/average Big Five facet Openness – Artistic Interests; 5=Very high Big Five facet Openness – Artistic Interests clearly expressed in the conversation."
Psychological construct: Operant-Learning rate,Psychological construct: Operant-Learning rate,personality_trait,True,low,,"1=Very low Psychological construct: Operant-Learning rate, or the opposite trait is expressed; 3=Moderate/average Psychological construct: Operant-Learning rate; 5=Very high Psychological construct: Operant-Learning rate clearly expressed in the conversation."
Psychological construct: Need for Achievement level,Psychological construct: Need for Achievement level,personality_trait,True,low,,"1=Very low Psychological construct: Need for Achievement level, or the opposite trait is expressed; 3=Moderate/average Psychological construct: Need for Achievement level; 5=Very high Psychological construct: Need for Achievement level clearly expressed in the conversation."
Cantankerousness,Cantankerousness,personality_trait,True,low,,"1=Very low Cantankerousness, or the opposite trait is expressed; 3=Moderate/average Cantankerousness; 5=Very high Cantankerousness clearly expressed in the conversation."
Material properties knowledge,Material properties knowledge,personality_trait,True,low,,"1=Very low Material properties knowledge, or the opposite trait is expressed; 3=Moderate/average Material properties knowledge; 5=Very high Material properties knowledge clearly expressed in the conversation."
Hostility,Hostility,personality_trait,True,low,,"1=Very low Hostility, or the opposite trait is expressed; 3=Moderate/average Hostility; 5=Very high Hostility clearly expressed in the conversation."
Independence,Independence,personality_trait,True,low,,"1=Very low Independence, or the opposite trait is expressed; 3=Moderate/average Independence; 5=Very high Independence clearly expressed in the conversation."
800. Sufi practice: Sufi retreat attendance count,Sufi practice: Sufi retreat attendance count,spiritual_esoteric,False,medium,"Requires self-reported practice history/records (e.g. session counts, ritual frequency) that a short conversation cannot reliably establish.",
Chromatin-accessibility score,Chromatin-accessibility score,personality_trait,True,low,,"1=Very low Chromatin-accessibility score, or the opposite trait is expressed; 3=Moderate/average Chromatin-accessibility score; 5=Very high Chromatin-accessibility score clearly expressed in the conversation."
644. Spiritual virtue: Humility practice index,Spiritual virtue: Humility practice index,spiritual_esoteric,False,medium,"Requires self-reported practice history/records (e.g. session counts, ritual frequency) that a short conversation cannot reliably establish.",
754. I Ching hexagram 36 resonance level,I Ching hexagram 36 resonance level,spiritual_esoteric,False,medium,"Requires self-reported practice history/records (e.g. session counts, ritual frequency) that a short conversation cannot reliably establish.",
Well-being component: Engagement,Well-being component: Engagement,personality_trait,True,low,,"1=Very low Well-being component: Engagement, or the opposite trait is expressed; 3=Moderate/average Well-being component: Engagement; 5=Very high Well-being component: Engagement clearly expressed in the conversation."
Need for social interaction,Need for social interaction,personality_trait,True,low,,"1=Very low Need for social interaction, or the opposite trait is expressed; 3=Moderate/average Need for social interaction; 5=Very high Need for social interaction clearly expressed in the conversation."
Peer-collaboration hours,Peer-collaboration hours,personality_trait,True,low,,"1=Very low Peer-collaboration hours, or the opposite trait is expressed; 3=Moderate/average Peer-collaboration hours; 5=Very high Peer-collaboration hours clearly expressed in the conversation."
Arts and Humanities,Arts and Humanities,personality_trait,True,low,,"1=Very low Arts and Humanities, or the opposite trait is expressed; 3=Moderate/average Arts and Humanities; 5=Very high Arts and Humanities clearly expressed in the conversation."
596. Religious practice: Quran khatam cycles per year,Religious practice: Quran khatam cycles per year,personality_trait,True,low,,"1=Very low Religious practice: Quran khatam cycles per year, or the opposite trait is expressed; 3=Moderate/average Religious practice: Quran khatam cycles per year; 5=Very high Religious practice: Quran khatam cycles per year clearly expressed in the conversation."
926. Bahá’í spiritual metric: Ridván festival participation,Bahá’í spiritual metric: Ridván festival participation,spiritual_esoteric,False,medium,"Requires self-reported practice history/records (e.g. session counts, ritual frequency) that a short conversation cannot reliably establish.",
Compassion,Compassion,personality_trait,True,low,,"1=Very low Compassion, or the opposite trait is expressed; 3=Moderate/average Compassion; 5=Very high Compassion clearly expressed in the conversation."
Information Retention,Information Retention,personality_trait,True,low,,"1=Very low Information Retention, or the opposite trait is expressed; 3=Moderate/average Information Retention; 5=Very high Information Retention clearly expressed in the conversation."
Eye-contact duration,Eye-contact duration,personality_trait,True,low,,"1=Very low Eye-contact duration, or the opposite trait is expressed; 3=Moderate/average Eye-contact duration; 5=Very high Eye-contact duration clearly expressed in the conversation."
Self-righteousness,Self-righteousness,personality_trait,True,low,,"1=Very low Self-righteousness, or the opposite trait is expressed; 3=Moderate/average Self-righteousness; 5=Very high Self-righteousness clearly expressed in the conversation."
General Mood and Attitude,General Mood and Attitude,personality_trait,True,low,,"1=Very low General Mood and Attitude, or the opposite trait is expressed; 3=Moderate/average General Mood and Attitude; 5=Very high General Mood and Attitude clearly expressed in the conversation."
Serotonin transporter availability,Serotonin transporter availability,personality_trait,True,low,,"1=Very low Serotonin transporter availability, or the opposite trait is expressed; 3=Moderate/average Serotonin transporter availability; 5=Very high Serotonin transporter availability clearly expressed in the conversation."
Contribution to Group Goals,Contribution to Group Goals,personality_trait,True,low,,"1=Very low Contribution to Group Goals, or the opposite trait is expressed; 3=Moderate/average Contribution to Group Goals; 5=Very high Contribution to Group Goals clearly expressed in the conversation."
Dignity,Dignity,personality_trait,True,low,,"1=Very low Dignity, or the opposite trait is expressed; 3=Moderate/average Dignity; 5=Very high Dignity clearly expressed in the conversation."
HEXACO Personality Inventory Facets:,HEXACO Personality Inventory Facets,header_or_malformed,False,low,"This row is a CSV formatting artifact (category header, categorical label, or malformed entry), not a scorable 1-5 trait.",
Evaluating Solutions,Evaluating Solutions,personality_trait,True,low,,"1=Very low Evaluating Solutions, or the opposite trait is expressed; 3=Moderate/average Evaluating Solutions; 5=Very high Evaluating Solutions clearly expressed in the conversation."
Input,Input,personality_trait,True,low,,"1=Very low Input, or the opposite trait is expressed; 3=Moderate/average Input; 5=Very high Input clearly expressed in the conversation."
Discreteness,Discreteness,personality_trait,True,low,,"1=Very low Discreteness, or the opposite trait is expressed; 3=Moderate/average Discreteness; 5=Very high Discreteness clearly expressed in the conversation."
607. Energy-healing practice: Reiki sessions / year,Energy-healing practice: Reiki sessions / year,spiritual_esoteric,False,medium,"Requires self-reported practice history/records (e.g. session counts, ritual frequency) that a short conversation cannot reliably establish.",
692. Astrology: Rising sign is Scorpio,Astrology: Rising sign is Scorpio,spiritual_esoteric,False,medium,"Requires self-reported practice history/records (e.g. session counts, ritual frequency) that a short conversation cannot reliably establish.",
Character strength: Social Intelligence,Character strength: Social Intelligence,personality_trait,True,low,,"1=Very low Character strength: Social Intelligence, or the opposite trait is expressed; 3=Moderate/average Character strength: Social Intelligence; 5=Very high Character strength: Social Intelligence clearly expressed in the conversation."
Bravery,Bravery,personality_trait,True,low,,"1=Very low Bravery, or the opposite trait is expressed; 3=Moderate/average Bravery; 5=Very high Bravery clearly expressed in the conversation."
Childhood Experiences,Childhood Experiences,personality_trait,True,low,,"1=Very low Childhood Experiences, or the opposite trait is expressed; 3=Moderate/average Childhood Experiences; 5=Very high Childhood Experiences clearly expressed in the conversation."
Data-sharing consent level,Data-sharing consent level,personality_trait,True,low,,"1=Very low Data-sharing consent level, or the opposite trait is expressed; 3=Moderate/average Data-sharing consent level; 5=Very high Data-sharing consent level clearly expressed in the conversation."
Vision-check frequency,Vision-check frequency,personality_trait,True,low,,"1=Very low Vision-check frequency, or the opposite trait is expressed; 3=Moderate/average Vision-check frequency; 5=Very high Vision-check frequency clearly expressed in the conversation."
Physical-violence exposure,Physical-violence exposure,personality_trait,True,low,,"1=Very low Physical-violence exposure, or the opposite trait is expressed; 3=Moderate/average Physical-violence exposure; 5=Very high Physical-violence exposure clearly expressed in the conversation."
Macronutrient ratio: fat,Macronutrient ratio: fat,personality_trait,True,low,,"1=Very low Macronutrient ratio: fat, or the opposite trait is expressed; 3=Moderate/average Macronutrient ratio: fat; 5=Very high Macronutrient ratio: fat clearly expressed in the conversation."
Cooking and Culinary Arts,Cooking and Culinary Arts,personality_trait,True,low,,"1=Very low Cooking and Culinary Arts, or the opposite trait is expressed; 3=Moderate/average Cooking and Culinary Arts; 5=Very high Cooking and Culinary Arts clearly expressed in the conversation."
Language use,Language use,personality_trait,True,low,,"1=Very low Language use, or the opposite trait is expressed; 3=Moderate/average Language use; 5=Very high Language use clearly expressed in the conversation."
Dance-style mastery diversity,Dance-style mastery diversity,personality_trait,True,low,,"1=Very low Dance-style mastery diversity, or the opposite trait is expressed; 3=Moderate/average Dance-style mastery diversity; 5=Very high Dance-style mastery diversity clearly expressed in the conversation."
Satya Adherence,Satya Adherence,personality_trait,True,low,,"1=Very low Satya Adherence, or the opposite trait is expressed; 3=Moderate/average Satya Adherence; 5=Very high Satya Adherence clearly expressed in the conversation."
Ethnocentrism,Ethnocentrism,personality_trait,True,low,,"1=Very low Ethnocentrism, or the opposite trait is expressed; 3=Moderate/average Ethnocentrism; 5=Very high Ethnocentrism clearly expressed in the conversation."
Emotional Boundaries,Emotional Boundaries,personality_trait,True,low,,"1=Very low Emotional Boundaries, or the opposite trait is expressed; 3=Moderate/average Emotional Boundaries; 5=Very high Emotional Boundaries clearly expressed in the conversation."
Creativity in solutions,Creativity in solutions,personality_trait,True,low,,"1=Very low Creativity in solutions, or the opposite trait is expressed; 3=Moderate/average Creativity in solutions; 5=Very high Creativity in solutions clearly expressed in the conversation."
Psychological construct: Hope scale,Psychological construct: Hope scale,personality_trait,True,low,,"1=Very low Psychological construct: Hope scale, or the opposite trait is expressed; 3=Moderate/average Psychological construct: Hope scale; 5=Very high Psychological construct: Hope scale clearly expressed in the conversation."
565. Practice frequency: Walking meditation,Practice frequency: Walking meditation,personality_trait,True,low,,"1=Very low Practice frequency: Walking meditation, or the opposite trait is expressed; 3=Moderate/average Practice frequency: Walking meditation; 5=Very high Practice frequency: Walking meditation clearly expressed in the conversation."
Depression (DEP),Depression (DEP),personality_trait,True,low,,"1=Very low Depression (DEP), or the opposite trait is expressed; 3=Moderate/average Depression (DEP); 5=Very high Depression (DEP) clearly expressed in the conversation."
Understanding Mathematical Concepts,Understanding Mathematical Concepts,personality_trait,True,low,,"1=Very low Understanding Mathematical Concepts, or the opposite trait is expressed; 3=Moderate/average Understanding Mathematical Concepts; 5=Very high Understanding Mathematical Concepts clearly expressed in the conversation."
Hypomania (Ma),Hypomania (Ma),personality_trait,True,low,,"1=Very low Hypomania (Ma), or the opposite trait is expressed; 3=Moderate/average Hypomania (Ma); 5=Very high Hypomania (Ma) clearly expressed in the conversation."
Goal-Directed Behavior,Goal-Directed Behavior,behavioral_tendency,True,low,,"1=No indication of Goal-Directed Behavior in what the person says or describes; 3=Occasional or moderate indication of Goal-Directed Behavior; 5=Strong, repeated indication of Goal-Directed Behavior in the described behavior."
Depth of Emotional Connections,Depth of Emotional Connections,personality_trait,True,low,,"1=Very low Depth of Emotional Connections, or the opposite trait is expressed; 3=Moderate/average Depth of Emotional Connections; 5=Very high Depth of Emotional Connections clearly expressed in the conversation."
Binding foundations index,Binding foundations index,personality_trait,True,low,,"1=Very low Binding foundations index, or the opposite trait is expressed; 3=Moderate/average Binding foundations index; 5=Very high Binding foundations index clearly expressed in the conversation."
Ego Dissolution Frequency,Ego Dissolution Frequency,personality_trait,True,low,,"1=Very low Ego Dissolution Frequency, or the opposite trait is expressed; 3=Moderate/average Ego Dissolution Frequency; 5=Very high Ego Dissolution Frequency clearly expressed in the conversation."
Activator: Turning thoughts into action,Activator: Turning thoughts into action,personality_trait,True,low,,"1=Very low Activator: Turning thoughts into action, or the opposite trait is expressed; 3=Moderate/average Activator: Turning thoughts into action; 5=Very high Activator: Turning thoughts into action clearly expressed in the conversation."
967. Gnostic spiritual metric: Archon meditation frequency,Gnostic spiritual metric: Archon meditation frequency,spiritual_esoteric,False,medium,"Requires self-reported practice history/records (e.g. session counts, ritual frequency) that a short conversation cannot reliably establish.",
Exemplariness,Exemplariness,personality_trait,True,low,,"1=Very low Exemplariness, or the opposite trait is expressed; 3=Moderate/average Exemplariness; 5=Very high Exemplariness clearly expressed in the conversation."
Moral and Ethical Parameters:,Moral and Ethical Parameters,header_or_malformed,False,low,"This row is a CSV formatting artifact (category header, categorical label, or malformed entry), not a scorable 1-5 trait.",
Submission:,Submission,header_or_malformed,False,low,"This row is a CSV formatting artifact (category header, categorical label, or malformed entry), not a scorable 1-5 trait.",
Frankness,Frankness,personality_trait,True,low,,"1=Very low Frankness, or the opposite trait is expressed; 3=Moderate/average Frankness; 5=Very high Frankness clearly expressed in the conversation."
Psychological construct: Psychological Safety climate,Psychological construct: Psychological Safety climate,personality_trait,True,low,,"1=Very low Psychological construct: Psychological Safety climate, or the opposite trait is expressed; 3=Moderate/average Psychological construct: Psychological Safety climate; 5=Very high Psychological construct: Psychological Safety climate clearly expressed in the conversation."
Psychological construct: Self-Compassion total,Psychological construct: Self-Compassion total,personality_trait,True,low,,"1=Very low Psychological construct: Self-Compassion total, or the opposite trait is expressed; 3=Moderate/average Psychological construct: Self-Compassion total; 5=Very high Psychological construct: Self-Compassion total clearly expressed in the conversation."
Psychological construct: Executive-Function composite,Psychological construct: Executive-Function composite,personality_trait,True,low,,"1=Very low Psychological construct: Executive-Function composite, or the opposite trait is expressed; 3=Moderate/average Psychological construct: Executive-Function composite; 5=Very high Psychological construct: Executive-Function composite clearly expressed in the conversation."
Rebelliousness,Rebelliousness,personality_trait,True,low,,"1=Very low Rebelliousness, or the opposite trait is expressed; 3=Moderate/average Rebelliousness; 5=Very high Rebelliousness clearly expressed in the conversation."
Volunteer Work,Volunteer Work,personality_trait,True,low,,"1=Very low Volunteer Work, or the opposite trait is expressed; 3=Moderate/average Volunteer Work; 5=Very high Volunteer Work clearly expressed in the conversation."
Intellect,Intellect,personality_trait,True,low,,"1=Very low Intellect, or the opposite trait is expressed; 3=Moderate/average Intellect; 5=Very high Intellect clearly expressed in the conversation."
Use of Mathematical Formulas,Use of Mathematical Formulas,personality_trait,True,low,,"1=Very low Use of Mathematical Formulas, or the opposite trait is expressed; 3=Moderate/average Use of Mathematical Formulas; 5=Very high Use of Mathematical Formulas clearly expressed in the conversation."
Coarseness,Coarseness,personality_trait,True,low,,"1=Very low Coarseness, or the opposite trait is expressed; 3=Moderate/average Coarseness; 5=Very high Coarseness clearly expressed in the conversation."
Behavioral Tendencies and Subcomponents:,Behavioral Tendencies and Subcomponents,header_or_malformed,False,low,"This row is a CSV formatting artifact (category header, categorical label, or malformed entry), not a scorable 1-5 trait.",
Sensitivity,Sensitivity,personality_trait,True,low,,"1=Very low Sensitivity, or the opposite trait is expressed; 3=Moderate/average Sensitivity; 5=Very high Sensitivity clearly expressed in the conversation."
Divided Attention Ability,Divided Attention Ability,personality_trait,True,low,,"1=Very low Divided Attention Ability, or the opposite trait is expressed; 3=Moderate/average Divided Attention Ability; 5=Very high Divided Attention Ability clearly expressed in the conversation."
Psychological construct: Acculturative Stress score,Psychological construct: Acculturative Stress score,personality_trait,True,low,,"1=Very low Psychological construct: Acculturative Stress score, or the opposite trait is expressed; 3=Moderate/average Psychological construct: Acculturative Stress score; 5=Very high Psychological construct: Acculturative Stress score clearly expressed in the conversation."
Dauntlessness,Dauntlessness,personality_trait,True,low,,"1=Very low Dauntlessness, or the opposite trait is expressed; 3=Moderate/average Dauntlessness; 5=Very high Dauntlessness clearly expressed in the conversation."
Concreteness,Concreteness,personality_trait,True,low,,"1=Very low Concreteness, or the opposite trait is expressed; 3=Moderate/average Concreteness; 5=Very high Concreteness clearly expressed in the conversation."
Hysteria (Hy),Hysteria (Hy),personality_trait,True,low,,"1=Very low Hysteria (Hy), or the opposite trait is expressed; 3=Moderate/average Hysteria (Hy); 5=Very high Hysteria (Hy) clearly expressed in the conversation."
911. Jewish spiritual metric: Sukkot lulav-shaking days,Jewish spiritual metric: Sukkot lulav-shaking days,spiritual_esoteric,False,medium,"Requires self-reported practice history/records (e.g. session counts, ritual frequency) that a short conversation cannot reliably establish.",
Sentence Structure,Sentence Structure,personality_trait,True,low,,"1=Very low Sentence Structure, or the opposite trait is expressed; 3=Moderate/average Sentence Structure; 5=Very high Sentence Structure clearly expressed in the conversation."
Esteem Needs,Esteem Needs,personality_trait,True,low,,"1=Very low Esteem Needs, or the opposite trait is expressed; 3=Moderate/average Esteem Needs; 5=Very high Esteem Needs clearly expressed in the conversation."
Understanding mechanical concepts,Understanding mechanical concepts,personality_trait,True,low,,"1=Very low Understanding mechanical concepts, or the opposite trait is expressed; 3=Moderate/average Understanding mechanical concepts; 5=Very high Understanding mechanical concepts clearly expressed in the conversation."
Auditory Memory Recall,Auditory Memory Recall,cognitive_ability,True,low,,"1=No evidence of Auditory Memory Recall in the conversation; 3=Average/typical evidence of Auditory Memory Recall; 5=Strong, clear evidence of high Auditory Memory Recall demonstrated in the person's reasoning or language."
Storytelling proficiency,Storytelling proficiency,personality_trait,True,low,,"1=Very low Storytelling proficiency, or the opposite trait is expressed; 3=Moderate/average Storytelling proficiency; 5=Very high Storytelling proficiency clearly expressed in the conversation."
Music-lessons years,Music-lessons years,personality_trait,True,low,,"1=Very low Music-lessons years, or the opposite trait is expressed; 3=Moderate/average Music-lessons years; 5=Very high Music-lessons years clearly expressed in the conversation."
Warmheartedness,Warmheartedness,personality_trait,True,low,,"1=Very low Warmheartedness, or the opposite trait is expressed; 3=Moderate/average Warmheartedness; 5=Very high Warmheartedness clearly expressed in the conversation."
Self-effacement,Self-effacement,personality_trait,True,low,,"1=Very low Self-effacement, or the opposite trait is expressed; 3=Moderate/average Self-effacement; 5=Very high Self-effacement clearly expressed in the conversation."
Outspokenness,Outspokenness,personality_trait,True,low,,"1=Very low Outspokenness, or the opposite trait is expressed; 3=Moderate/average Outspokenness; 5=Very high Outspokenness clearly expressed in the conversation."
Sleep-environment temperature,Sleep-environment temperature,personality_trait,True,low,,"1=Very low Sleep-environment temperature, or the opposite trait is expressed; 3=Moderate/average Sleep-environment temperature; 5=Very high Sleep-environment temperature clearly expressed in the conversation."
Comprehension of spoken information,Comprehension of spoken information,cognitive_ability,True,low,,"1=No evidence of Comprehension of spoken information in the conversation; 3=Average/typical evidence of Comprehension of spoken information; 5=Strong, clear evidence of high Comprehension of spoken information demonstrated in the person's reasoning or language."
Blissfulness,Blissfulness,personality_trait,True,low,,"1=Very low Blissfulness, or the opposite trait is expressed; 3=Moderate/average Blissfulness; 5=Very high Blissfulness clearly expressed in the conversation."
Sequential Memory Recall,Sequential Memory Recall,cognitive_ability,True,low,,"1=No evidence of Sequential Memory Recall in the conversation; 3=Average/typical evidence of Sequential Memory Recall; 5=Strong, clear evidence of high Sequential Memory Recall demonstrated in the person's reasoning or language."
Withdrawnness,Withdrawnness,personality_trait,True,low,,"1=Very low Withdrawnness, or the opposite trait is expressed; 3=Moderate/average Withdrawnness; 5=Very high Withdrawnness clearly expressed in the conversation."
892. Hindu spiritual metric: Yoga discipline hours / week,Hindu spiritual metric: Yoga discipline hours / week,spiritual_esoteric,False,medium,"Requires self-reported practice history/records (e.g. session counts, ritual frequency) that a short conversation cannot reliably establish.",
Conservatism,Conservatism,personality_trait,True,low,,"1=Very low Conservatism, or the opposite trait is expressed; 3=Moderate/average Conservatism; 5=Very high Conservatism clearly expressed in the conversation."
Adaptability and Flexibility Subcomponents:,Adaptability and Flexibility Subcomponents,header_or_malformed,False,low,"This row is a CSV formatting artifact (category header, categorical label, or malformed entry), not a scorable 1-5 trait.",
898. Hindu spiritual metric: Vrata vows observed / year,Hindu spiritual metric: Vrata vows observed / year,spiritual_esoteric,False,medium,"Requires self-reported practice history/records (e.g. session counts, ritual frequency) that a short conversation cannot reliably establish.",
Ardency,Ardency,personality_trait,True,low,,"1=Very low Ardency, or the opposite trait is expressed; 3=Moderate/average Ardency; 5=Very high Ardency clearly expressed in the conversation."
Aesthetic Appreciation,Aesthetic Appreciation,personality_trait,True,low,,"1=Very low Aesthetic Appreciation, or the opposite trait is expressed; 3=Moderate/average Aesthetic Appreciation; 5=Very high Aesthetic Appreciation clearly expressed in the conversation."
Transactional Leadership:,Transactional Leadership,header_or_malformed,False,low,"This row is a CSV formatting artifact (category header, categorical label, or malformed entry), not a scorable 1-5 trait.",
Value orientation: Universalism,Value orientation: Universalism,personality_trait,True,low,,"1=Very low Value orientation: Universalism, or the opposite trait is expressed; 3=Moderate/average Value orientation: Universalism; 5=Very high Value orientation: Universalism clearly expressed in the conversation."
Perseverance,Perseverance,personality_trait,True,low,,"1=Very low Perseverance, or the opposite trait is expressed; 3=Moderate/average Perseverance; 5=Very high Perseverance clearly expressed in the conversation."
Regularity of Self-Reflection,Regularity of Self-Reflection,personality_trait,True,low,,"1=Very low Regularity of Self-Reflection, or the opposite trait is expressed; 3=Moderate/average Regularity of Self-Reflection; 5=Very high Regularity of Self-Reflection clearly expressed in the conversation."
Controlling Reactions,Controlling Reactions,personality_trait,True,low,,"1=Very low Controlling Reactions, or the opposite trait is expressed; 3=Moderate/average Controlling Reactions; 5=Very high Controlling Reactions clearly expressed in the conversation."
Psychological construct: Cultural Intelligence – Behavioral,Psychological construct: Cultural Intelligence – Behavioral,behavioral_tendency,True,low,,"1=No indication of Psychological construct: Cultural Intelligence – Behavioral in what the person says or describes; 3=Occasional or moderate indication of Psychological construct: Cultural Intelligence – Behavioral; 5=Strong, repeated indication of Psychological construct: Cultural Intelligence – Behavioral in the described behavior."
Metabolic Rate (Low or High),Metabolic Rate (Low or High),medical_biological,False,high,"Requires a clinical measurement, lab test, or diagnosis record; cannot be responsibly inferred from conversational text alone.",
Dietary Habits,Dietary Habits,behavioral_tendency,True,low,,"1=No indication of Dietary Habits in what the person says or describes; 3=Occasional or moderate indication of Dietary Habits; 5=Strong, repeated indication of Dietary Habits in the described behavior."
Significance: Desire to make an impact,Significance: Desire to make an impact,personality_trait,True,low,,"1=Very low Significance: Desire to make an impact, or the opposite trait is expressed; 3=Moderate/average Significance: Desire to make an impact; 5=Very high Significance: Desire to make an impact clearly expressed in the conversation."
Psychological construct: Resilience-Trait score,Psychological construct: Resilience-Trait score,personality_trait,True,low,,"1=Very low Psychological construct: Resilience-Trait score, or the opposite trait is expressed; 3=Moderate/average Psychological construct: Resilience-Trait score; 5=Very high Psychological construct: Resilience-Trait score clearly expressed in the conversation."
Boredom Susceptibility,Boredom Susceptibility,personality_trait,True,low,,"1=Very low Boredom Susceptibility, or the opposite trait is expressed; 3=Moderate/average Boredom Susceptibility; 5=Very high Boredom Susceptibility clearly expressed in the conversation."
Psychological construct: Consummatory Pleasure scale,Psychological construct: Consummatory Pleasure scale,personality_trait,True,low,,"1=Very low Psychological construct: Consummatory Pleasure scale, or the opposite trait is expressed; 3=Moderate/average Psychological construct: Consummatory Pleasure scale; 5=Very high Psychological construct: Consummatory Pleasure scale clearly expressed in the conversation."
Leadership Styles and Behaviors:,Leadership Styles and Behaviors,header_or_malformed,False,low,"This row is a CSV formatting artifact (category header, categorical label, or malformed entry), not a scorable 1-5 trait.",
723. I Ching hexagram 5 resonance level,I Ching hexagram 5 resonance level,spiritual_esoteric,False,medium,"Requires self-reported practice history/records (e.g. session counts, ritual frequency) that a short conversation cannot reliably establish.",
Macronutrient ratio: carbs,Macronutrient ratio: carbs,personality_trait,True,low,,"1=Very low Macronutrient ratio: carbs, or the opposite trait is expressed; 3=Moderate/average Macronutrient ratio: carbs; 5=Very high Macronutrient ratio: carbs clearly expressed in the conversation."
Passport-stamps count,Passport-stamps count,social_demographic,False,low,"Requires a factual/demographic record (counts, logs, official data) rather than something inferable from conversational tone or content.",
Local-food sourcing %,Local-food sourcing %,personality_trait,True,low,,"1=Very low Local-food sourcing %, or the opposite trait is expressed; 3=Moderate/average Local-food sourcing %; 5=Very high Local-food sourcing % clearly expressed in the conversation."
Patient care orientation,Patient care orientation,personality_trait,True,low,,"1=Very low Patient care orientation, or the opposite trait is expressed; 3=Moderate/average Patient care orientation; 5=Very high Patient care orientation clearly expressed in the conversation."
Soft-skill training hours,Soft-skill training hours,personality_trait,True,low,,"1=Very low Soft-skill training hours, or the opposite trait is expressed; 3=Moderate/average Soft-skill training hours; 5=Very high Soft-skill training hours clearly expressed in the conversation."
Graffiti appreciation,Graffiti appreciation,personality_trait,True,low,,"1=Very low Graffiti appreciation, or the opposite trait is expressed; 3=Moderate/average Graffiti appreciation; 5=Very high Graffiti appreciation clearly expressed in the conversation."
Preference for Home-Cooked vs Restaurant Meals,Preference for Home-Cooked vs Restaurant Meals,spiritual_esoteric,False,medium,"Requires self-reported practice history/records (e.g. session counts, ritual frequency) that a short conversation cannot reliably establish.",
Immune-response age,Immune-response age,personality_trait,True,low,,"1=Very low Immune-response age, or the opposite trait is expressed; 3=Moderate/average Immune-response age; 5=Very high Immune-response age clearly expressed in the conversation."
Social-cognition variable: Cognitive Empathy,Social-cognition variable: Cognitive Empathy,cognitive_ability,True,low,,"1=No evidence of Social-cognition variable: Cognitive Empathy in the conversation; 3=Average/typical evidence of Social-cognition variable: Cognitive Empathy; 5=Strong, clear evidence of high Social-cognition variable: Cognitive Empathy demonstrated in the person's reasoning or language."
Kink-interest diversity,Kink-interest diversity,personality_trait,True,low,,"1=Very low Kink-interest diversity, or the opposite trait is expressed; 3=Moderate/average Kink-interest diversity; 5=Very high Kink-interest diversity clearly expressed in the conversation."
Adaptability and Flexibility:,Adaptability and Flexibility,header_or_malformed,False,low,"This row is a CSV formatting artifact (category header, categorical label, or malformed entry), not a scorable 1-5 trait.",
Judging Consequences,Judging Consequences,personality_trait,True,low,,"1=Very low Judging Consequences, or the opposite trait is expressed; 3=Moderate/average Judging Consequences; 5=Very high Judging Consequences clearly expressed in the conversation."
Harmfulness,Harmfulness,personality_trait,True,low,,"1=Very low Harmfulness, or the opposite trait is expressed; 3=Moderate/average Harmfulness; 5=Very high Harmfulness clearly expressed in the conversation."
Affinity,Affinity,personality_trait,True,low,,"1=Very low Affinity, or the opposite trait is expressed; 3=Moderate/average Affinity; 5=Very high Affinity clearly expressed in the conversation."
Abasement,Abasement,personality_trait,True,low,,"1=Very low Abasement, or the opposite trait is expressed; 3=Moderate/average Abasement; 5=Very high Abasement clearly expressed in the conversation."
Chronic pain presence,Chronic pain presence,personality_trait,True,low,,"1=Very low Chronic pain presence, or the opposite trait is expressed; 3=Moderate/average Chronic pain presence; 5=Very high Chronic pain presence clearly expressed in the conversation."
520. Discernment practice hours / week,Discernment practice hours / week,personality_trait,True,low,,"1=Very low Discernment practice hours / week, or the opposite trait is expressed; 3=Moderate/average Discernment practice hours / week; 5=Very high Discernment practice hours / week clearly expressed in the conversation."
Initiative,Initiative,personality_trait,True,low,,"1=Very low Initiative, or the opposite trait is expressed; 3=Moderate/average Initiative; 5=Very high Initiative clearly expressed in the conversation."
Courageousness,Courageousness,personality_trait,True,low,,"1=Very low Courageousness, or the opposite trait is expressed; 3=Moderate/average Courageousness; 5=Very high Courageousness clearly expressed in the conversation."
Joyfulness,Joyfulness,personality_trait,True,low,,"1=Very low Joyfulness, or the opposite trait is expressed; 3=Moderate/average Joyfulness; 5=Very high Joyfulness clearly expressed in the conversation."
Suspicion,Suspicion,personality_trait,True,low,,"1=Very low Suspicion, or the opposite trait is expressed; 3=Moderate/average Suspicion; 5=Very high Suspicion clearly expressed in the conversation."
Basophil count,Basophil count,medical_biological,False,high,"Requires a clinical measurement, lab test, or diagnosis record; cannot be responsibly inferred from conversational text alone.",
Attachment avoidance score,Attachment avoidance score,behavioral_tendency,True,low,,"1=No indication of Attachment avoidance score in what the person says or describes; 3=Occasional or moderate indication of Attachment avoidance score; 5=Strong, repeated indication of Attachment avoidance score in the described behavior."
Time Orientation End Points:,Time Orientation End Points,header_or_malformed,False,low,"This row is a CSV formatting artifact (category header, categorical label, or malformed entry), not a scorable 1-5 trait.",
Brazenness,Brazenness,spiritual_esoteric,False,medium,"Requires self-reported practice history/records (e.g. session counts, ritual frequency) that a short conversation cannot reliably establish.",
Talkativeness,Talkativeness,personality_trait,True,low,,"1=Very low Talkativeness, or the opposite trait is expressed; 3=Moderate/average Talkativeness; 5=Very high Talkativeness clearly expressed in the conversation."
Equitableness,Equitableness,personality_trait,True,low,,"1=Very low Equitableness, or the opposite trait is expressed; 3=Moderate/average Equitableness; 5=Very high Equitableness clearly expressed in the conversation."
Ideas generated/day,Ideas generated/day,personality_trait,True,low,,"1=Very low Ideas generated/day, or the opposite trait is expressed; 3=Moderate/average Ideas generated/day; 5=Very high Ideas generated/day clearly expressed in the conversation."
Originality,Originality,personality_trait,True,low,,"1=Very low Originality, or the opposite trait is expressed; 3=Moderate/average Originality; 5=Very high Originality clearly expressed in the conversation."
Fearfulness: Fear of physical dangers,Fearfulness: Fear of physical dangers,personality_trait,True,low,,"1=Very low Fearfulness: Fear of physical dangers, or the opposite trait is expressed; 3=Moderate/average Fearfulness: Fear of physical dangers; 5=Very high Fearfulness: Fear of physical dangers clearly expressed in the conversation."
Dance rehearsal hours/week,Dance rehearsal hours/week,personality_trait,True,low,,"1=Very low Dance rehearsal hours/week, or the opposite trait is expressed; 3=Moderate/average Dance rehearsal hours/week; 5=Very high Dance rehearsal hours/week clearly expressed in the conversation."
561. Practice frequency: Mantra meditation,Practice frequency: Mantra meditation,spiritual_esoteric,False,medium,"Requires self-reported practice history/records (e.g. session counts, ritual frequency) that a short conversation cannot reliably establish.",
Public-transport km/week,Public-transport km/week,personality_trait,True,low,,"1=Very low Public-transport km/week, or the opposite trait is expressed; 3=Moderate/average Public-transport km/week; 5=Very high Public-transport km/week clearly expressed in the conversation."
Social Desirability Bias,Social Desirability Bias,personality_trait,True,low,,"1=Very low Social Desirability Bias, or the opposite trait is expressed; 3=Moderate/average Social Desirability Bias; 5=Very high Social Desirability Bias clearly expressed in the conversation."
761. I Ching hexagram 43 resonance level,I Ching hexagram 43 resonance level,spiritual_esoteric,False,medium,"Requires self-reported practice history/records (e.g. session counts, ritual frequency) that a short conversation cannot reliably establish.",
Disagreeableness,Disagreeableness,personality_trait,True,low,,"1=Very low Disagreeableness, or the opposite trait is expressed; 3=Moderate/average Disagreeableness; 5=Very high Disagreeableness clearly expressed in the conversation."
Participation in Community Activities,Participation in Community Activities,personality_trait,True,low,,"1=Very low Participation in Community Activities, or the opposite trait is expressed; 3=Moderate/average Participation in Community Activities; 5=Very high Participation in Community Activities clearly expressed in the conversation."
Impudence,Impudence,personality_trait,True,low,,"1=Very low Impudence, or the opposite trait is expressed; 3=Moderate/average Impudence; 5=Very high Impudence clearly expressed in the conversation."
Analogies,Analogies,personality_trait,True,low,,"1=Very low Analogies, or the opposite trait is expressed; 3=Moderate/average Analogies; 5=Very high Analogies clearly expressed in the conversation."
Clumsiness,Clumsiness,personality_trait,True,low,,"1=Very low Clumsiness, or the opposite trait is expressed; 3=Moderate/average Clumsiness; 5=Very high Clumsiness clearly expressed in the conversation."
Tendency Toward Compromise or Confrontation,Tendency Toward Compromise or Confrontation,behavioral_tendency,True,low,,"1=No indication of Tendency Toward Compromise or Confrontation in what the person says or describes; 3=Occasional or moderate indication of Tendency Toward Compromise or Confrontation; 5=Strong, repeated indication of Tendency Toward Compromise or Confrontation in the described behavior."
737. I Ching hexagram 19 resonance level,I Ching hexagram 19 resonance level,spiritual_esoteric,False,medium,"Requires self-reported practice history/records (e.g. session counts, ritual frequency) that a short conversation cannot reliably establish.",
Robotics-interaction frequency,Robotics-interaction frequency,personality_trait,True,low,,"1=Very low Robotics-interaction frequency, or the opposite trait is expressed; 3=Moderate/average Robotics-interaction frequency; 5=Very high Robotics-interaction frequency clearly expressed in the conversation."
Casual lifestyle,Casual lifestyle,personality_trait,True,low,,"1=Very low Casual lifestyle, or the opposite trait is expressed; 3=Moderate/average Casual lifestyle; 5=Very high Casual lifestyle clearly expressed in the conversation."
Collectedness,Collectedness,personality_trait,True,low,,"1=Very low Collectedness, or the opposite trait is expressed; 3=Moderate/average Collectedness; 5=Very high Collectedness clearly expressed in the conversation."
Reliance on context,Reliance on context,personality_trait,True,low,,"1=Very low Reliance on context, or the opposite trait is expressed; 3=Moderate/average Reliance on context; 5=Very high Reliance on context clearly expressed in the conversation."
Delegation skills,Delegation skills,personality_trait,True,low,,"1=Very low Delegation skills, or the opposite trait is expressed; 3=Moderate/average Delegation skills; 5=Very high Delegation skills clearly expressed in the conversation."
767. I Ching hexagram 49 resonance level,I Ching hexagram 49 resonance level,spiritual_esoteric,False,medium,"Requires self-reported practice history/records (e.g. session counts, ritual frequency) that a short conversation cannot reliably establish.",
Managing emotions,Managing emotions,personality_trait,True,low,,"1=Very low Managing emotions, or the opposite trait is expressed; 3=Moderate/average Managing emotions; 5=Very high Managing emotions clearly expressed in the conversation."
Scripture memorization verses,Scripture memorization verses,personality_trait,True,low,,"1=Very low Scripture memorization verses, or the opposite trait is expressed; 3=Moderate/average Scripture memorization verses; 5=Very high Scripture memorization verses clearly expressed in the conversation."
Conventional,Conventional,personality_trait,True,low,,"1=Very low Conventional, or the opposite trait is expressed; 3=Moderate/average Conventional; 5=Very high Conventional clearly expressed in the conversation."
890. Hindu spiritual metric: Bhagavad-Gita study hours,Hindu spiritual metric: Bhagavad-Gita study hours,spiritual_esoteric,False,medium,"Requires self-reported practice history/records (e.g. session counts, ritual frequency) that a short conversation cannot reliably establish.",
Open-source contributions,Open-source contributions,personality_trait,True,low,,"1=Very low Open-source contributions, or the opposite trait is expressed; 3=Moderate/average Open-source contributions; 5=Very high Open-source contributions clearly expressed in the conversation."
Psychological construct: Social Conformity tendency,Psychological construct: Social Conformity tendency,behavioral_tendency,True,low,,"1=No indication of Psychological construct: Social Conformity tendency in what the person says or describes; 3=Occasional or moderate indication of Psychological construct: Social Conformity tendency; 5=Strong, repeated indication of Psychological construct: Social Conformity tendency in the described behavior."
Individuality,Individuality,personality_trait,True,low,,"1=Very low Individuality, or the opposite trait is expressed; 3=Moderate/average Individuality; 5=Very high Individuality clearly expressed in the conversation."
740. I Ching hexagram 22 resonance level,I Ching hexagram 22 resonance level,spiritual_esoteric,False,medium,"Requires self-reported practice history/records (e.g. session counts, ritual frequency) that a short conversation cannot reliably establish.",
Attachment style: Secure,Attachment style: Secure,personality_trait,True,low,,"1=Very low Attachment style: Secure, or the opposite trait is expressed; 3=Moderate/average Attachment style: Secure; 5=Very high Attachment style: Secure clearly expressed in the conversation."
Intelligence Quotient (IQ),Intelligence Quotient (IQ),personality_trait,True,low,,"1=Very low Intelligence Quotient (IQ), or the opposite trait is expressed; 3=Moderate/average Intelligence Quotient (IQ); 5=Very high Intelligence Quotient (IQ) clearly expressed in the conversation."
Blog-subscriber count,Blog-subscriber count,social_demographic,False,low,"Requires a factual/demographic record (counts, logs, official data) rather than something inferable from conversational tone or content.",
Non-Verbal Communication Skills,Non-Verbal Communication Skills,personality_trait,True,low,,"1=Very low Non-Verbal Communication Skills, or the opposite trait is expressed; 3=Moderate/average Non-Verbal Communication Skills; 5=Very high Non-Verbal Communication Skills clearly expressed in the conversation."
Drug-use history,Drug-use history,personality_trait,True,low,,"1=Very low Drug-use history, or the opposite trait is expressed; 3=Moderate/average Drug-use history; 5=Very high Drug-use history clearly expressed in the conversation."
Commute time/day,Commute time/day,social_demographic,False,low,"Requires a factual/demographic record (counts, logs, official data) rather than something inferable from conversational tone or content.",
Decision-making speed,Decision-making speed,personality_trait,True,low,,"1=Very low Decision-making speed, or the opposite trait is expressed; 3=Moderate/average Decision-making speed; 5=Very high Decision-making speed clearly expressed in the conversation."
Psychological construct: Excuse-Making tendency,Psychological construct: Excuse-Making tendency,behavioral_tendency,True,low,,"1=No indication of Psychological construct: Excuse-Making tendency in what the person says or describes; 3=Occasional or moderate indication of Psychological construct: Excuse-Making tendency; 5=Strong, repeated indication of Psychological construct: Excuse-Making tendency in the described behavior."
Peer-to-peer lending usage,Peer-to-peer lending usage,personality_trait,True,low,,"1=Very low Peer-to-peer lending usage, or the opposite trait is expressed; 3=Moderate/average Peer-to-peer lending usage; 5=Very high Peer-to-peer lending usage clearly expressed in the conversation."
Psychological construct: Eye-Contact avoidance score,Psychological construct: Eye-Contact avoidance score,behavioral_tendency,True,low,,"1=No indication of Psychological construct: Eye-Contact avoidance score in what the person says or describes; 3=Occasional or moderate indication of Psychological construct: Eye-Contact avoidance score; 5=Strong, repeated indication of Psychological construct: Eye-Contact avoidance score in the described behavior."
Social-cognition variable: Faux Pas Recognition accuracy,Social-cognition variable: Faux Pas Recognition accuracy,personality_trait,True,low,,"1=Very low Social-cognition variable: Faux Pas Recognition accuracy, or the opposite trait is expressed; 3=Moderate/average Social-cognition variable: Faux Pas Recognition accuracy; 5=Very high Social-cognition variable: Faux Pas Recognition accuracy clearly expressed in the conversation."
Conscientiousness (C):,Conscientiousness (C),header_or_malformed,False,low,"This row is a CSV formatting artifact (category header, categorical label, or malformed entry), not a scorable 1-5 trait.",
Use of Nature as a Stress Reliever,Use of Nature as a Stress Reliever,personality_trait,True,low,,"1=Very low Use of Nature as a Stress Reliever, or the opposite trait is expressed; 3=Moderate/average Use of Nature as a Stress Reliever; 5=Very high Use of Nature as a Stress Reliever clearly expressed in the conversation."
Attitude toward learning,Attitude toward learning,personality_trait,True,low,,"1=Very low Attitude toward learning, or the opposite trait is expressed; 3=Moderate/average Attitude toward learning; 5=Very high Attitude toward learning clearly expressed in the conversation."
Conscientiousness Facets:,Conscientiousness Facets,header_or_malformed,False,low,"This row is a CSV formatting artifact (category header, categorical label, or malformed entry), not a scorable 1-5 trait.",
Honesty-humility trait score,Honesty-humility trait score,personality_trait,True,low,,"1=Very low Honesty-humility trait score, or the opposite trait is expressed; 3=Moderate/average Honesty-humility trait score; 5=Very high Honesty-humility trait score clearly expressed in the conversation."
Digital-nomad months,Digital-nomad months,personality_trait,True,low,,"1=Very low Digital-nomad months, or the opposite trait is expressed; 3=Moderate/average Digital-nomad months; 5=Very high Digital-nomad months clearly expressed in the conversation."
516. Religious coping – Negative,Religious coping – Negative,personality_trait,True,low,,"1=Very low Religious coping – Negative, or the opposite trait is expressed; 3=Moderate/average Religious coping – Negative; 5=Very high Religious coping – Negative clearly expressed in the conversation."
Snacking Behavior,Snacking Behavior,behavioral_tendency,True,low,,"1=No indication of Snacking Behavior in what the person says or describes; 3=Occasional or moderate indication of Snacking Behavior; 5=Strong, repeated indication of Snacking Behavior in the described behavior."
Aura-color perception,Aura-color perception,spiritual_esoteric,False,medium,"Requires self-reported practice history/records (e.g. session counts, ritual frequency) that a short conversation cannot reliably establish.",
638. Sacred text engagement: Zohar (Kabbalah) study hours,Sacred text engagement: Zohar (Kabbalah) study hours,spiritual_esoteric,False,medium,"Requires self-reported practice history/records (e.g. session counts, ritual frequency) that a short conversation cannot reliably establish.",
Motivational Drivers:,Motivational Drivers,header_or_malformed,False,low,"This row is a CSV formatting artifact (category header, categorical label, or malformed entry), not a scorable 1-5 trait.",
Cloud-backup frequency,Cloud-backup frequency,personality_trait,True,low,,"1=Very low Cloud-backup frequency, or the opposite trait is expressed; 3=Moderate/average Cloud-backup frequency; 5=Very high Cloud-backup frequency clearly expressed in the conversation."
Learning Style,Learning Style,personality_trait,True,low,,"1=Very low Learning Style, or the opposite trait is expressed; 3=Moderate/average Learning Style; 5=Very high Learning Style clearly expressed in the conversation."
872. Islamic practice: Seerah study hours,Islamic practice: Seerah study hours,personality_trait,True,low,,"1=Very low Islamic practice: Seerah study hours, or the opposite trait is expressed; 3=Moderate/average Islamic practice: Seerah study hours; 5=Very high Islamic practice: Seerah study hours clearly expressed in the conversation."
Safety compliance,Safety compliance,personality_trait,True,low,,"1=Very low Safety compliance, or the opposite trait is expressed; 3=Moderate/average Safety compliance; 5=Very high Safety compliance clearly expressed in the conversation."
Sensationalism,Sensationalism,personality_trait,True,low,,"1=Very low Sensationalism, or the opposite trait is expressed; 3=Moderate/average Sensationalism; 5=Very high Sensationalism clearly expressed in the conversation."
Nationality,Nationality,personality_trait,True,low,,"1=Very low Nationality, or the opposite trait is expressed; 3=Moderate/average Nationality; 5=Very high Nationality clearly expressed in the conversation."
Drollness,Drollness,personality_trait,True,low,,"1=Very low Drollness, or the opposite trait is expressed; 3=Moderate/average Drollness; 5=Very high Drollness clearly expressed in the conversation."
Cooperation,Cooperation,personality_trait,True,low,,"1=Very low Cooperation, or the opposite trait is expressed; 3=Moderate/average Cooperation; 5=Very high Cooperation clearly expressed in the conversation."
Breakfast-skipping frequency,Breakfast-skipping frequency,personality_trait,True,low,,"1=Very low Breakfast-skipping frequency, or the opposite trait is expressed; 3=Moderate/average Breakfast-skipping frequency; 5=Very high Breakfast-skipping frequency clearly expressed in the conversation."
922. Sikh spiritual metric: Kirtan participation frequency,Sikh spiritual metric: Kirtan participation frequency,spiritual_esoteric,False,medium,"Requires self-reported practice history/records (e.g. session counts, ritual frequency) that a short conversation cannot reliably establish.",
Impulsivity,Impulsivity,behavioral_tendency,True,low,,"1=No indication of Impulsivity in what the person says or describes; 3=Occasional or moderate indication of Impulsivity; 5=Strong, repeated indication of Impulsivity in the described behavior."
Museum visits/year,Museum visits/year,personality_trait,True,low,,"1=Very low Museum visits/year, or the opposite trait is expressed; 3=Moderate/average Museum visits/year; 5=Very high Museum visits/year clearly expressed in the conversation."
Choir participation years,Choir participation years,personality_trait,True,low,,"1=Very low Choir participation years, or the opposite trait is expressed; 3=Moderate/average Choir participation years; 5=Very high Choir participation years clearly expressed in the conversation."
Delegation Ability,Delegation Ability,personality_trait,True,low,,"1=Very low Delegation Ability, or the opposite trait is expressed; 3=Moderate/average Delegation Ability; 5=Very high Delegation Ability clearly expressed in the conversation."
788. Kabbalah sephira balance: Tiferet,Kabbalah sephira balance: Tiferet,spiritual_esoteric,False,medium,"Requires self-reported practice history/records (e.g. session counts, ritual frequency) that a short conversation cannot reliably establish.",
Desire to influence others,Desire to influence others,personality_trait,True,low,,"1=Very low Desire to influence others, or the opposite trait is expressed; 3=Moderate/average Desire to influence others; 5=Very high Desire to influence others clearly expressed in the conversation."
Vivacity,Vivacity,personality_trait,True,low,,"1=Very low Vivacity, or the opposite trait is expressed; 3=Moderate/average Vivacity; 5=Very high Vivacity clearly expressed in the conversation."
Genialness,Genialness,personality_trait,True,low,,"1=Very low Genialness, or the opposite trait is expressed; 3=Moderate/average Genialness; 5=Very high Genialness clearly expressed in the conversation."
Cognitive measure: Working Memory Index,Cognitive measure: Working Memory Index,cognitive_ability,True,low,,"1=No evidence of Cognitive measure: Working Memory Index in the conversation; 3=Average/typical evidence of Cognitive measure: Working Memory Index; 5=Strong, clear evidence of high Cognitive measure: Working Memory Index demonstrated in the person's reasoning or language."
Ethical practices,Ethical practices,personality_trait,True,low,,"1=Very low Ethical practices, or the opposite trait is expressed; 3=Moderate/average Ethical practices; 5=Very high Ethical practices clearly expressed in the conversation."
945. New-Age spiritual metric: Channeling sessions / year,New-Age spiritual metric: Channeling sessions / year,spiritual_esoteric,False,medium,"Requires self-reported practice history/records (e.g. session counts, ritual frequency) that a short conversation cannot reliably establish.",
Civility,Civility,personality_trait,True,low,,"1=Very low Civility, or the opposite trait is expressed; 3=Moderate/average Civility; 5=Very high Civility clearly expressed in the conversation."
Sleep Apnea,Sleep Apnea,medical_biological,False,high,"Requires a clinical measurement, lab test, or diagnosis record; cannot be responsibly inferred from conversational text alone.",
Classiness,Classiness,personality_trait,True,low,,"1=Very low Classiness, or the opposite trait is expressed; 3=Moderate/average Classiness; 5=Very high Classiness clearly expressed in the conversation."
Control over situations,Control over situations,personality_trait,True,low,,"1=Very low Control over situations, or the opposite trait is expressed; 3=Moderate/average Control over situations; 5=Very high Control over situations clearly expressed in the conversation."
Time outdoors/day (h),Time outdoors/day (h),personality_trait,True,low,,"1=Very low Time outdoors/day (h), or the opposite trait is expressed; 3=Moderate/average Time outdoors/day (h); 5=Very high Time outdoors/day (h) clearly expressed in the conversation."
Effeteness,Effeteness,personality_trait,True,low,,"1=Very low Effeteness, or the opposite trait is expressed; 3=Moderate/average Effeteness; 5=Very high Effeteness clearly expressed in the conversation."
Polygenic risk: cardiovascular disease,Polygenic risk: cardiovascular disease,medical_biological,False,high,"Requires a clinical measurement, lab test, or diagnosis record; cannot be responsibly inferred from conversational text alone.",
Psychological construct: Identity Diffusion level,Psychological construct: Identity Diffusion level,personality_trait,True,low,,"1=Very low Psychological construct: Identity Diffusion level, or the opposite trait is expressed; 3=Moderate/average Psychological construct: Identity Diffusion level; 5=Very high Psychological construct: Identity Diffusion level clearly expressed in the conversation."
Learning through movement,Learning through movement,personality_trait,True,low,,"1=Very low Learning through movement, or the opposite trait is expressed; 3=Moderate/average Learning through movement; 5=Very high Learning through movement clearly expressed in the conversation."
Caffeine sensitivity gene,Caffeine sensitivity gene,personality_trait,True,low,,"1=Very low Caffeine sensitivity gene, or the opposite trait is expressed; 3=Moderate/average Caffeine sensitivity gene; 5=Very high Caffeine sensitivity gene clearly expressed in the conversation."
Hatefulness,Hatefulness,personality_trait,True,low,,"1=Very low Hatefulness, or the opposite trait is expressed; 3=Moderate/average Hatefulness; 5=Very high Hatefulness clearly expressed in the conversation."
Persistence:,Persistence,header_or_malformed,False,low,"This row is a CSV formatting artifact (category header, categorical label, or malformed entry), not a scorable 1-5 trait.",
Psychological construct: Perfectionistic Strivings,Psychological construct: Perfectionistic Strivings,personality_trait,True,low,,"1=Very low Psychological construct: Perfectionistic Strivings, or the opposite trait is expressed; 3=Moderate/average Psychological construct: Perfectionistic Strivings; 5=Very high Psychological construct: Perfectionistic Strivings clearly expressed in the conversation."
Wake-time consistency,Wake-time consistency,personality_trait,True,low,,"1=Very low Wake-time consistency, or the opposite trait is expressed; 3=Moderate/average Wake-time consistency; 5=Very high Wake-time consistency clearly expressed in the conversation."
Numerical Reasoning:,Numerical Reasoning,header_or_malformed,False,low,"This row is a CSV formatting artifact (category header, categorical label, or malformed entry), not a scorable 1-5 trait.",
Social-cognition variable: Mentalizing network activation,Social-cognition variable: Mentalizing network activation,personality_trait,True,low,,"1=Very low Social-cognition variable: Mentalizing network activation, or the opposite trait is expressed; 3=Moderate/average Social-cognition variable: Mentalizing network activation; 5=Very high Social-cognition variable: Mentalizing network activation clearly expressed in the conversation."
Patriotism,Patriotism,personality_trait,True,low,,"1=Very low Patriotism, or the opposite trait is expressed; 3=Moderate/average Patriotism; 5=Very high Patriotism clearly expressed in the conversation."
Leadership Styles:,Leadership Styles,header_or_malformed,False,low,"This row is a CSV formatting artifact (category header, categorical label, or malformed entry), not a scorable 1-5 trait.",
Servility,Servility,personality_trait,True,low,,"1=Very low Servility, or the opposite trait is expressed; 3=Moderate/average Servility; 5=Very high Servility clearly expressed in the conversation."
742. I Ching hexagram 24 resonance level,I Ching hexagram 24 resonance level,spiritual_esoteric,False,medium,"Requires self-reported practice history/records (e.g. session counts, ritual frequency) that a short conversation cannot reliably establish.",
Enneagram Personality Types:,Enneagram Personality Types,header_or_malformed,False,low,"This row is a CSV formatting artifact (category header, categorical label, or malformed entry), not a scorable 1-5 trait.",
Stress Recovery Ability,Stress Recovery Ability,personality_trait,True,low,,"1=Very low Stress Recovery Ability, or the opposite trait is expressed; 3=Moderate/average Stress Recovery Ability; 5=Very high Stress Recovery Ability clearly expressed in the conversation."
Troubleshooting technical issues,Troubleshooting technical issues,personality_trait,True,low,,"1=Very low Troubleshooting technical issues, or the opposite trait is expressed; 3=Moderate/average Troubleshooting technical issues; 5=Very high Troubleshooting technical issues clearly expressed in the conversation."
Defense-mechanism tendency: Introjection,Defense-mechanism tendency: Introjection,behavioral_tendency,True,low,,"1=No indication of Defense-mechanism tendency: Introjection in what the person says or describes; 3=Occasional or moderate indication of Defense-mechanism tendency: Introjection; 5=Strong, repeated indication of Defense-mechanism tendency: Introjection in the described behavior."
Irritability,Irritability,personality_trait,True,low,,"1=Very low Irritability, or the opposite trait is expressed; 3=Moderate/average Irritability; 5=Very high Irritability clearly expressed in the conversation."
Travel-companions diversity,Travel-companions diversity,personality_trait,True,low,,"1=Very low Travel-companions diversity, or the opposite trait is expressed; 3=Moderate/average Travel-companions diversity; 5=Very high Travel-companions diversity clearly expressed in the conversation."
627. Sacred text engagement: Quran surahs memorized,Sacred text engagement: Quran surahs memorized,spiritual_esoteric,False,medium,"Requires self-reported practice history/records (e.g. session counts, ritual frequency) that a short conversation cannot reliably establish.",
Trust in others,Trust in others,personality_trait,True,low,,"1=Very low Trust in others, or the opposite trait is expressed; 3=Moderate/average Trust in others; 5=Very high Trust in others clearly expressed in the conversation."
Gamified-finance-app usage,Gamified-finance-app usage,personality_trait,True,low,,"1=Very low Gamified-finance-app usage, or the opposite trait is expressed; 3=Moderate/average Gamified-finance-app usage; 5=Very high Gamified-finance-app usage clearly expressed in the conversation."
823. Buddhist practice: Eightfold Path – Right Intention level,Buddhist practice: Eightfold Path – Right Intention level,personality_trait,True,low,,"1=Very low Buddhist practice: Eightfold Path – Right Intention level, or the opposite trait is expressed; 3=Moderate/average Buddhist practice: Eightfold Path – Right Intention level; 5=Very high Buddhist practice: Eightfold Path – Right Intention level clearly expressed in the conversation."
Caffeine intake (mg/day),Caffeine intake (mg/day),personality_trait,True,low,,"1=Very low Caffeine intake (mg/day), or the opposite trait is expressed; 3=Moderate/average Caffeine intake (mg/day); 5=Very high Caffeine intake (mg/day) clearly expressed in the conversation."
Comfort with Vulnerability,Comfort with Vulnerability,personality_trait,True,low,,"1=Very low Comfort with Vulnerability, or the opposite trait is expressed; 3=Moderate/average Comfort with Vulnerability; 5=Very high Comfort with Vulnerability clearly expressed in the conversation."
Anticipativeness,Anticipativeness,personality_trait,True,low,,"1=Very low Anticipativeness, or the opposite trait is expressed; 3=Moderate/average Anticipativeness; 5=Very high Anticipativeness clearly expressed in the conversation."
Additional Common Parameters and Their End Points:,Additional Common Parameters and Their End Points,header_or_malformed,False,low,"This row is a CSV formatting artifact (category header, categorical label, or malformed entry), not a scorable 1-5 trait.",
Avoiding:,Avoiding,header_or_malformed,False,low,"This row is a CSV formatting artifact (category header, categorical label, or malformed entry), not a scorable 1-5 trait.",
Home-security-system presence,Home-security-system presence,personality_trait,True,low,,"1=Very low Home-security-system presence, or the opposite trait is expressed; 3=Moderate/average Home-security-system presence; 5=Very high Home-security-system presence clearly expressed in the conversation."
HEXACO domain: Honesty-Humility,HEXACO domain: Honesty-Humility,personality_trait,True,low,,"1=Very low HEXACO domain: Honesty-Humility, or the opposite trait is expressed; 3=Moderate/average HEXACO domain: Honesty-Humility; 5=Very high HEXACO domain: Honesty-Humility clearly expressed in the conversation."
Eating Habits (Home-Cooked vs. Eating Out),Eating Habits (Home-Cooked vs. Eating Out),behavioral_tendency,True,low,,"1=No indication of Eating Habits (Home-Cooked vs. Eating Out) in what the person says or describes; 3=Occasional or moderate indication of Eating Habits (Home-Cooked vs. Eating Out); 5=Strong, repeated indication of Eating Habits (Home-Cooked vs. Eating Out) in the described behavior."
Decision-Making Confidence,Decision-Making Confidence,personality_trait,True,low,,"1=Very low Decision-Making Confidence, or the opposite trait is expressed; 3=Moderate/average Decision-Making Confidence; 5=Very high Decision-Making Confidence clearly expressed in the conversation."
Alignment with societal roles,Alignment with societal roles,personality_trait,True,low,,"1=Very low Alignment with societal roles, or the opposite trait is expressed; 3=Moderate/average Alignment with societal roles; 5=Very high Alignment with societal roles clearly expressed in the conversation."
Connectedness: Belief in interconnections,Connectedness: Belief in interconnections,personality_trait,True,low,,"1=Very low Connectedness: Belief in interconnections, or the opposite trait is expressed; 3=Moderate/average Connectedness: Belief in interconnections; 5=Very high Connectedness: Belief in interconnections clearly expressed in the conversation."
Quirkiness,Quirkiness,personality_trait,True,low,,"1=Very low Quirkiness, or the opposite trait is expressed; 3=Moderate/average Quirkiness; 5=Very high Quirkiness clearly expressed in the conversation."
Creative resilience,Creative resilience,personality_trait,True,low,,"1=Very low Creative resilience, or the opposite trait is expressed; 3=Moderate/average Creative resilience; 5=Very high Creative resilience clearly expressed in the conversation."
Rapid cognitive processing,Rapid cognitive processing,cognitive_ability,True,low,,"1=No evidence of Rapid cognitive processing in the conversation; 3=Average/typical evidence of Rapid cognitive processing; 5=Strong, clear evidence of high Rapid cognitive processing demonstrated in the person's reasoning or language."
Cordiality,Cordiality,personality_trait,True,low,,"1=Very low Cordiality, or the opposite trait is expressed; 3=Moderate/average Cordiality; 5=Very high Cordiality clearly expressed in the conversation."
Types of Mindfulness Techniques Used,Types of Mindfulness Techniques Used,header_or_malformed,False,low,"This row is a CSV formatting artifact (category header, categorical label, or malformed entry), not a scorable 1-5 trait.",
Economic reasoning,Economic reasoning,cognitive_ability,True,low,,"1=No evidence of Economic reasoning in the conversation; 3=Average/typical evidence of Economic reasoning; 5=Strong, clear evidence of high Economic reasoning demonstrated in the person's reasoning or language."
Conformity,Conformity,personality_trait,True,low,,"1=Very low Conformity, or the opposite trait is expressed; 3=Moderate/average Conformity; 5=Very high Conformity clearly expressed in the conversation."
Pet-enrichment activities count,Pet-enrichment activities count,social_demographic,False,low,"Requires a factual/demographic record (counts, logs, official data) rather than something inferable from conversational tone or content.",
Aestheticism,Aestheticism,personality_trait,True,low,,"1=Very low Aestheticism, or the opposite trait is expressed; 3=Moderate/average Aestheticism; 5=Very high Aestheticism clearly expressed in the conversation."
Type of Support Preferred (Emotional vs. Practical),Type of Support Preferred (Emotional vs. Practical),header_or_malformed,False,low,"This row is a CSV formatting artifact (category header, categorical label, or malformed entry), not a scorable 1-5 trait.",
Mental Arithmetic Speed,Mental Arithmetic Speed,cognitive_ability,True,low,,"1=No evidence of Mental Arithmetic Speed in the conversation; 3=Average/typical evidence of Mental Arithmetic Speed; 5=Strong, clear evidence of high Mental Arithmetic Speed demonstrated in the person's reasoning or language."
Patience: Resistance to anger,Patience: Resistance to anger,personality_trait,True,low,,"1=Very low Patience: Resistance to anger, or the opposite trait is expressed; 3=Moderate/average Patience: Resistance to anger; 5=Very high Patience: Resistance to anger clearly expressed in the conversation."
Flawlessness,Flawlessness,personality_trait,True,low,,"1=Very low Flawlessness, or the opposite trait is expressed; 3=Moderate/average Flawlessness; 5=Very high Flawlessness clearly expressed in the conversation."
Self-Efficacy,Self-Efficacy,personality_trait,True,low,,"1=Very low Self-Efficacy, or the opposite trait is expressed; 3=Moderate/average Self-Efficacy; 5=Very high Self-Efficacy clearly expressed in the conversation."
Computer Skills:,Computer Skills,header_or_malformed,False,low,"This row is a CSV formatting artifact (category header, categorical label, or malformed entry), not a scorable 1-5 trait.",
899. Jewish spiritual metric: Shabbat candle-lighting consistency,Jewish spiritual metric: Shabbat candle-lighting consistency,spiritual_esoteric,False,medium,"Requires self-reported practice history/records (e.g. session counts, ritual frequency) that a short conversation cannot reliably establish.",
Spelling Accuracy,Spelling Accuracy,cognitive_ability,True,low,,"1=No evidence of Spelling Accuracy in the conversation; 3=Average/typical evidence of Spelling Accuracy; 5=Strong, clear evidence of high Spelling Accuracy demonstrated in the person's reasoning or language."
793. Sufi practice: Dhikr repetitions / day,Sufi practice: Dhikr repetitions / day,spiritual_esoteric,False,medium,"Requires self-reported practice history/records (e.g. session counts, ritual frequency) that a short conversation cannot reliably establish.",
Peacefulness,Peacefulness,personality_trait,True,low,,"1=Very low Peacefulness, or the opposite trait is expressed; 3=Moderate/average Peacefulness; 5=Very high Peacefulness clearly expressed in the conversation."
Doggedness,Doggedness,personality_trait,True,low,,"1=Very low Doggedness, or the opposite trait is expressed; 3=Moderate/average Doggedness; 5=Very high Doggedness clearly expressed in the conversation."
Decency,Decency,personality_trait,True,low,,"1=Very low Decency, or the opposite trait is expressed; 3=Moderate/average Decency; 5=Very high Decency clearly expressed in the conversation."
Processed-food frequency,Processed-food frequency,personality_trait,True,low,,"1=Very low Processed-food frequency, or the opposite trait is expressed; 3=Moderate/average Processed-food frequency; 5=Very high Processed-food frequency clearly expressed in the conversation."
